Business Name,Address,Rating,# Reviews,Category,Phone,Email
Greenfoot Energy Solutions,· 2 Aviation Avenue,4.9,"(1,370)",HVAC contractor,· (844) 725-3956,https://www.google.com/aclk?sa=L&ai=DChsSEwjRuaTOsqiSAxVkMggFHVQ3DW0YACICCAEQABoCbWQ&co=1&ase=2&gclid=Cj0KCQiAm9fLBhCQARIsAJoNOcs2pHRFzfx7jpa1HgxDHyqwPaOyj8j05wiTNPcWbWh0HZ69h4bm4mkaAkB5EALw_wcB&cid=CAASuwHkaPFhltLCyk_Ij4qYyxLPIpybC6B_yUjm9tjGLb-tfxP_-dbID80oQ-CTUj_tvI4A-aWhuKPkJ5GiKupyO-2V6HzcaOWERJM3mhrg_fGB_4fj2EgGe0u3ddhfNO5n6g8PdVdZJ1VmQGbcpZHoX_SwUd-kmbd9DysW5SsSNF5EGr_-X-ikS7PdmCT6Q7YDEDhPPFWYBDLDEI5paZDVqDh__3_oDLd9qjeHLWUgpIle22RjxR3KiKyLuLb2&cce=2&category=acrcp_v1_33&sig=AOD64_2S95E7D7MKRmaCxTrMzAeCBdNmFg&adurl&q&ctype=99&nis=5
Hansen Solar Energy,· 14 Garfield St,4.8,(17),Solar energy company,· +1 866-888-1532,https://hansensolarenergy.ca/
Sunly Energy,· 14 Kinlock Rd Unit 7B,4.8,(235),Solar energy company,· +1 833-467-8659,http://sunly.ca/
Polaron Solar Energy,· 423 Mt Edward Rd,4.8,(245),Solar energy company,· +1 888-318-1988,https://polaronsolar.com/
MoJi-fast Technology Ltd.,· 3 Bendella Dr,5.0,(15),Solar energy company,· (902) 208-0102,https://moji-fast.com/
efficiencyPEI,· 69 Belvedere Ave,4.2,(5),Government office,· (902) 620-3690,http://www.efficiencypei.ca/
Urbanite Electrical Services,· 10 Viceroy Ave,5.0,(15),Electrician,· (902) 333-3130,https://urbaniteelectrical.ca/
M.B. Eye Electrical Inc.,· 4 Melody Ln,4.6,(57),Contractor,· (902) 892-8839,https://www.mbeyeelectrical.com/
Greenfoot Energy Solutions,· 2 Aviation Avenue,4.9,"(1,370)",HVAC contractor,· +1 800-380-9384,https://www.greenfootenergy.ca/?utm_campaign=local&utm_medium=organic&utm_source=gmb&province=pe
Tradewinds Mitsubishi Heat Pumps,· 15 Walker Dr,5.0,(3),Air conditioning contractor,· (902) 892-6280,http://www.tradewindsecoenergy.com/
Sunrise Softwash,· 70 Inkerman Dr,5.0,(3),Gutter Cleaning Service,· (902) 940-6652,http://www.sunrisesoftwash.ca/
Guillevin International Co,· 14 Walker Dr,5.0,(3),Electrical supply store,· (902) 368-1363,https://www.guillevin.com/
Princess Auto,· 15 Saint Dunstan Street,4.5,(233),Tool store,· (902) 629-8020,http://www.princessauto.com/en/store?storeId=44
Kent Building Supplies,· 65 Walsh Rd,4.1,(506),Home improvement store,· (902) 566-4291,https://kent.ca/en/store-locator/charlottetown?utm_source=G&utm_medium=local&utm_campaign=google-local
